"id","growth_2_6"
7242,5.59145723912383
7243,2.78157251786407
7244,5.29440577105507
7245,6.4837277591395
7246,4.82821867040323
7247,2.68907517341663
7248,4.11674690347903
7249,5.34327831776846
7250,1.5500774988268
7251,1.48878065998187
7252,2.675620714644
7253,6.56996355996487
7254,5.05698821564653
7255,3.86311548305156
7256,1.99168397337383
7257,1.01850507660557
7258,1.64341448579053
7259,2.70055641503313
7260,5.657598414162
7261,4.54376484774637
7262,1.9425829225323
7263,5.72815832644526
7264,3.2995943678701
7265,3.45804174909607
7266,2.74605149101407
7267,4.70746648239673
7268,4.08183857459354
7269,2.80000912720304
7270,5.2433798695911
7271,1.72795679766483
7272,6.6130644641713
7273,4.65951500941616
7274,6.00107839899027
7275,5.6600068378874
7276,4.3172170146705
7277,0.8494344757146
7278,3.02099567673647
7279,1.68281983911403
7280,2.2334616129826
7281,5.7121826152177
7282,1.06980557924253
7283,3.2295962489063
7284,3.9524438175805
7285,2.02854738863253
7286,2.80949393612113
7287,6.78127175262343
7288,6.72960987606053
7289,5.3367443453655
7290,4.91764632850607
7291,3.3553331905336
7292,1.71490106891487
7293,5.53797720296157
7294,4.36447367813707
7295,3.78549545009923
7296,2.0865950772483
7297,0.872119503285232
7298,1.45418796665857
7299,3.29799474361723
7300,3.47249176124973
7301,2.47628197624053
7302,2.28377541353523
7303,2.44279093800867
7304,7.05588115632597
7305,4.68159006358466
7306,2.7253203003169
7307,6.5561787900765
7308,6.6335216102215
7309,7.10580603735106
7310,0.8604106514744
7311,3.5449885200559
7312,6.2820916146057
7313,2.04498537519063
7314,3.64407782629614
7315,3.17343743161604
7316,2.04562829512053
7317,1.77109539378003
7318,3.31898031848127
7319,3.83565014741027
7320,0.810862851195533
7321,2.72311645178677
7322,3.6627482474641
7323,2.1089864206144
7324,1.2276064025848
7325,5.7697351189008
7326,7.12184510647107
7327,4.2549088311285
7328,0.8158613865373
7329,2.17790694111257
7330,2.49653962960033
7331,6.08100773539417
7332,5.42706862927673
7333,1.23915244137183
7334,3.22722335192253
7335,7.16590973946187
7336,5.43831047124836
7337,2.2076558804574
7338,4.65638251415877
7339,1.04970767093873
7340,6.63653414588706
7341,6.0422092921683
7342,5.91232393719757
7343,3.51729415656477
7344,6.01447024459393
7345,6.2334726538479
7346,5.3565103775554
7347,6.77073396516909
7348,5.74235983982973
7349,3.03242680842797
7350,3.048937149408
7351,4.31769006146926
7352,3.59933392509793
7353,6.6405440274953
7354,7.00695492595199
7355,2.57346460023
7356,5.0835891354775
7357,5.9476846562864
7358,5.74918679266934
7359,0.969063941878699
7360,4.71260445427097
7361,0.9236724348437
7362,2.70378293689437
7363,6.6991209379418
7364,4.38567786126877
7365,6.19199062678991
7366,5.01504733292463
7367,6.20741215382184
7368,7.02898598206914
7369,1.69844974768037
7370,1.24903610716987
7371,3.17336755419767
7372,4.0696554996221
7373,5.0170972133192
7374,3.0971565872348
7375,3.05990790285283
7376,2.85257442515064
7377,3.2362924115749
7378,4.32630140040927
7379,1.9128668896604
7380,2.37853573858494
7381,1.0179387286527
7382,1.59286955401963
7383,6.34258100588333
7384,6.32328793255666
7385,0.979645960933266
7386,5.00503364917787
7387,2.55764674345073
7388,3.1952185114964
7389,5.28234853111837
7390,3.1279897048551
7391,3.68679365689583
7392,3.29768279277214
7393,1.89514805428683
7394,1.31438943079823
7395,3.4476986369883
7396,4.95286984504543
7397,6.7076285802624
7398,4.24039008540237
7399,1.2944083674482
7400,4.7157612447406
7401,4.48057966522347
7402,3.39678988146647
7403,6.28371639569877
7404,5.5306998752313
7405,0.9388717033482
7406,3.15228731097313
7407,6.11822072889464
7408,1.76956571491863
7409,2.2743915883077
7410,1.42683782114096
7411,0.810672775545468
7412,5.08242292419034
7413,4.66844132597804
7414,3.1204426671689
7415,7.31465742965144
7416,6.96064298657983
7417,3.35028010477124
7418,6.14391168315467
7419,4.4920446553111
7420,2.60643927683234
7421,6.57527827904209
7422,0.896409976352367
7423,1.83718177716787
7424,6.11985758262283
7425,6.94324749399566
7426,1.0677737823509
7427,3.4603357914983
7428,3.75841309743943
7429,4.4248818960826
7430,3.1688688991612
7431,3.4602353328897
7432,3.7234366829982
7433,4.1729348983117
7434,3.83670461104817
7435,4.55505164222897
7436,5.77784801469123
7437,3.37997114124474
7438,2.9952498713851
7439,1.05555271433677
7440,5.72932211286474
7441,6.17294380328714
7442,5.2409128024874
7443,6.20075485762126
7444,3.23945038416903
7445,1.54775090748377
7446,2.73313321823836
7447,2.16580460133487
7448,5.49517242549463
7449,7.3056568274226
7450,4.69398200141353
7451,1.08654134007217
7452,2.95071154788273
7453,2.5153522022583
7454,4.18402251794033
7455,6.78524352381087
7456,3.99299500861347
7457,5.500806225388
7458,2.06457489661943
7459,4.43074002773633
7460,3.99773806216106
7461,0.747144664801834
7462,5.58153984226971
7463,5.41611409243983
7464,2.7252163759261
7465,1.1327253699779
7466,6.35726487735403
7467,5.36847167346383
7468,0.882130113733567
7469,6.57537074366543
7470,6.89198171539559
7471,4.1844954875236
7472,4.26910258495457
7473,0.660715086654966
7474,3.2764483313704
7475,6.36677942485944
7476,5.4284615726559
7477,1.7055671067919
7478,2.17327167880787
7479,3.2442281575635
7480,1.45571535690103
7481,3.84113163946926
7482,4.45789013658583
7483,5.80446109863884
7484,4.60774107531617
7485,3.10787024575677
7486,5.98509378468807
7487,6.6675209480629
7488,1.18786323254257
7489,2.08362098425027
7490,5.27269157026323
7491,1.4277522994335
7492,0.991248874693766
7493,3.02996140723187
7494,1.58260722121047
7495,6.2228340167895
7496,0.8051503413901
7497,4.2921044123605
7498,0.740808520408101
7499,4.6728433058973
7500,3.7153486307383
7501,1.01326189271883
7502,3.88385201683684
7503,2.9097974302172
7504,4.57790573154259
7505,3.3194993842836
7506,6.23921519586241
7507,5.66778011921933
7508,5.22775850963953
7509,4.09154361740737
7510,3.72555650977037
7511,6.32695885816213
7512,4.6978319754651
7513,6.88239071750574
7514,4.48134198329283
7515,3.04795484287343
7516,1.57144067020563
7517,1.70802877243163
7518,6.90110157040264
7519,5.1835835833181
7520,6.28687245938387
7521,4.41298965646434
7522,5.5556671235776
7523,0.936974591226833
7524,3.13793669846566
7525,6.02268956188473
7526,3.1771615482283
7527,4.89586606157353
7528,3.43081617713257
7529,3.60031513822484
7530,4.94941708702413
7531,2.63791633723933
7532,3.86229119420354
7533,2.88370275490793
7534,5.2673707618112
7535,2.1697410761636
7536,2.02952487274887
7537,3.5502965810711
7538,2.56423245560003
7539,6.4396604159873
7540,1.7805164595991
7541,6.60370356720787
7542,4.5657874941069
7543,3.17905593991777
7544,4.32628897236806
7545,6.57031768412777
7546,4.4922936506176
7547,0.774146074753966
7548,2.93625285463847
7549,4.90340496529693
7550,2.4509125991661
7551,4.4914851735219
7552,1.52644592263053
7553,2.04027786800627
7554,3.43110809269446
7555,1.83199191104173
7556,4.91498840223667
7557,2.32663554927653
7558,6.2480543273367
7559,1.6355857130563
7560,2.67527425281307
7561,2.24328384986353
7562,1.0339773117575
7563,7.09809288060043
7564,5.31196351810613
7565,3.18549068619923
7566,2.61129215684717
7567,5.28593562747047
7568,2.49711393046323
7569,3.2728851994069
7570,6.17849676490283
7571,4.29528382311354
7572,2.6713875167987
7573,3.9567669961243
7574,1.4403686008434
7575,6.41095919118406
7576,4.64148499132046
7577,4.7722751014714
7578,3.55112766695293
7579,3.5696877383418
7580,3.3239169884177
7581,2.97974920407487
7582,5.9609979055694
7583,3.4931650591989
7584,1.9493650414356
7585,3.28872132826673
7586,1.57490826093123
7587,0.865655265216566
7588,4.54078241836166
7589,3.28607000673197
7590,3.13313377671553
7591,6.62104297863603
7592,2.680837230834
7593,0.913731140064899
7594,5.69622869326233
7595,6.62931671858596
7596,2.6751953454565
7597,4.85451790957694
7598,2.47095625820854
7599,2.64348365614984
7600,2.55480265315397
7601,1.4116117817346
7602,1.93542490095967
7603,4.9922337172346
7604,6.0026436656603
7605,3.27674757361824
7606,1.8616265050907
7607,2.29747087239907
7608,2.06091220754113
7609,5.59505459673686
7610,0.980006904682333
7611,5.05042104612976
7612,6.4647239718925
7613,2.47991864196204
7614,0.888398336903399
7615,1.2246399439448
7616,3.74957905379547
7617,5.67098943434627
7618,1.65075848289413
7619,4.65968125950351
7620,1.88040683294933
7621,6.7024264010134
7622,3.48045355026503
7623,6.69654859975197
7624,1.58110549145453
7625,5.4458563793531
7626,5.31119002970853
7627,3.50443464375443
7628,4.6641017521348
7629,6.2893511965446
7630,4.99189865209664
7631,1.5896917785024
7632,3.55969299475033
7633,6.00894909422837
7634,6.23615023811437
7635,2.39374008266626
7636,4.75891814132183
7637,5.17114167598203
7638,2.08745621266603
7639,4.35251946415383
7640,0.839791613741366
7641,3.73060264081207
7642,1.2474254147212
7643,4.65913876205323
7644,4.1918908309378
7645,6.3272660405921
7646,3.839239084135
7647,3.96993354950424
7648,2.84341524090227
7649,6.40328341305243
7650,2.37231142065057
7651,0.637004872635301
7652,1.09113161059107
7653,5.9224621834895
7654,5.3035117445452
7655,5.76429784328883
7656,4.99344495207983
7657,6.33122827733524
7658,6.8802136962226
7659,3.67019612218637
7660,3.63494064959897
7661,1.24607911798233
7662,2.23438528538103
7663,0.7599560451282
7664,5.2623908686492
7665,3.38093279105587
7666,2.72802623649173
7667,3.7462671087673
7668,6.25079010688713
7669,3.42459266981629
7670,3.39077659706783
7671,2.79638350968833
7672,6.29827375938287
7673,6.65380487353377
7674,5.82265552811474
7675,4.3181487803729
7676,0.717015587506833
7677,1.67191410675613
7678,6.73243011184013
7679,7.14493708034454
7680,2.93321889373994
7681,1.7409067889376
7682,2.1778110518829
7683,3.23570183375193
7684,1.43835026511013
7685,1.02265916181117
7686,5.06343510145493
7687,3.3708111600191
7688,5.9444963032559
7689,1.1003794495687
7690,3.81272963817073
7691,2.6878445992797
7692,4.30098769392197
7693,2.0098548473964
7694,2.0311554964293
7695,1.40057828224543
7696,6.73759412071896
7697,1.1308764523321
7698,5.61775939269247
7699,3.2094985845709
7700,5.47745549687827
7701,3.03175212117893
7702,2.1231257158162
7703,4.39112338952603
7704,5.04423628772214
7705,2.220098235297
7706,5.17620305258663
7707,1.35876704318283
7708,5.27024432871124
7709,6.6876802810369
7710,5.97125396890053
7711,0.874298683044434
7712,6.18156660553127
7713,2.6450532214909
7714,4.53342671418977
7715,3.1668972805347
7716,1.9561553362746
7717,5.71608512423
7718,4.96217210311407
7719,0.996956389444167
7720,6.15058358862287
7721,5.429238129389
7722,4.0312733725803
7723,3.0965651233922
7724,6.33511787167166
7725,1.00494087842197
7726,4.30008465607386
7727,3.02310498594656
7728,5.23547728909517
7729,4.3230244844915
7730,4.7183577178491
7731,4.25846218728353
7732,1.5261761898971
7733,6.44744952209313
7734,6.74863389279777
7735,0.8025529814121
7736,6.03115245298211
7737,5.89542173382967
7738,4.49755695117213
7739,6.09095676278986
7740,1.17920489612303
7741,3.9970738611882
7742,4.74856065644473
7743,6.10797477685467
7744,1.74700756469637
7745,2.75651411068177
7746,1.55019072452993
7747,0.717039924640833
7748,2.30960577245393
7749,0.771304020868833
7750,2.8399191669557
7751,1.30922810286467
7752,4.94650222279503
7753,4.75279539736886
7754,2.1368909916753
7755,0.7680797747546
7756,0.821945788052833
7757,5.0096805648572
7758,5.53634201334623
7759,4.1732832148796
7760,1.17466317133893
7761,2.61118618462247
7762,0.737740826149733
7763,1.25457811419357
7764,3.475713935976
7765,1.54123348053274
7766,5.31998459991934
7767,5.24214662128139
7768,2.49643581595943
7769,6.50201768522051
7770,6.27007509884507
7771,3.06563315908003
7772,3.6617135789397
7773,6.0483404195922
7774,3.04826543474957
7775,4.19704188927749
7776,3.84328213049647
7777,4.63885521892264
7778,7.1574830591302
7779,4.87087068077293
7780,1.25077384579597
7781,2.7005907499847
7782,6.3961138770358
7783,3.24657075360713
7784,6.6058213498047
7785,1.0287043164362
7786,1.80716779104097
7787,2.27114687874777
7788,0.935141456462667
7789,5.9074327345244
7790,3.3826385123563
7791,3.96649772086477
7792,5.71350423529576
7793,3.41072596449424
7794,5.65317764998103
7795,6.0448037788416
7796,3.02940157822507
7797,4.28040494696293
7798,3.72264790862133
7799,4.05985569131004
7800,2.78971698591653
7801,3.66447250565276
7802,5.3635367923425
7803,4.45691266048763
7804,5.47078519718327
7805,2.820001590157
7806,3.21161422762013
7807,6.50689438733226
7808,2.4031560769607
7809,5.9384858796743
7810,2.73537196065184
7811,7.1084412647767
7812,5.36300420390249
7813,0.817299927326601
7814,3.08599761124727
7815,4.84157838512023
7816,2.22204237344543
7817,2.86382351076117
7818,2.53336987867967
7819,5.95084140318357
7820,3.15880717461283
7821,0.611763079956733
7822,1.85069266485753
7823,5.29832884030487
7824,2.91492459867323
7825,0.944805355786967
7826,5.92216859387294
7827,4.51594113805893
7828,3.5090984000583
7829,4.43643233272557
7830,4.65260645352373
7831,5.99770565859673
7832,2.85284194778237
7833,3.7892016812235
7834,6.7951129558768
7835,5.70966182043146
7836,2.32144744921564
7837,4.3704481380907
7838,4.13275137577083
7839,0.917564311444599
7840,0.921005984142733
7841,5.81929222544632
7842,6.08677628421187
7843,2.49225922310187
7844,7.09727843491636
7845,3.92334238084784
7846,6.76330481267673
7847,1.00510720429257
7848,7.20202632701384
7849,3.3166909589325
7850,3.96813107895807
7851,3.64238049594746
7852,2.91433034338337
7853,1.21581120911674
7854,7.28543409074701
7855,2.60087903881387
7856,6.19716945779143
7857,1.36665411801127
7858,5.01786530213824
7859,4.46526289666787
7860,4.21734335332677
7861,6.780388015959
7862,2.64508932506813
7863,3.42875847914757
7864,5.60752009107324
7865,4.25713828217663
7866,4.40519494848313
7867,1.83229323580944
7868,1.57640146315964
7869,2.96574787330406
7870,5.4640049638441
7871,5.39679780069197
7872,5.96255948858686
7873,0.627542186747633
7874,5.26805745618666
7875,1.00491831611197
7876,2.08589260644677
7877,6.4179469226546
7878,2.73605926151487
7879,0.765876102566733
7880,4.62456115430066
7881,6.50264354786796
7882,2.84858604254567
7883,6.68041347825793
7884,4.19686934066933
7885,4.1515658088632
7886,0.948104227568566
7887,3.96735932796314
7888,1.85944093716903
7889,2.86134048448457
7890,5.55774961413173
7891,5.45108332303849
7892,4.80911396653583
7893,0.7546815451573
7894,1.1827688757251
7895,4.69104434640087
7896,6.77119879941067
7897,3.5413766737861
7898,6.52651271694727
7899,4.87850872365503
7900,3.8276406456
7901,2.4652925788815
7902,6.3591925507502
7903,0.825516223303866
7904,1.73772346776277
7905,3.463854861322
7906,5.79319581486184
7907,0.855703187029201
7908,2.05995527973047
7909,0.904711801861633
7910,2.81023980196677
7911,4.2350457763058
7912,3.49829701745197
7913,3.3442807690751
7914,4.52803889975577
7915,7.1292263647959
7916,5.82103971237916
7917,2.08216254205187
7918,1.71234414416227
7919,4.66468419503843
7920,2.44912419508433
7921,6.19941311839786
7922,5.7286788418233
7923,5.0835448474396
7924,1.5680070303785
7925,1.84302584846477
7926,5.4735456159682
7927,3.06672969863163
7928,2.72985989956893
7929,6.8764474391697
7930,0.812200072008934
7931,0.906588740639999
7932,2.58691219865793
7933,4.57611140385977
7934,4.98957761775887
7935,3.27996940037587
7936,6.4331786858888
7937,1.95893021120744
7938,0.733119386020301
7939,0.807175723702033
7940,2.85319423504276
7941,3.30971382826524
7942,3.89040562585627
7943,5.04621488795283
7944,3.22477613799603
7945,5.92442011520886
7946,1.29569656967033
7947,4.92593457023536
7948,2.3191466690124
7949,6.69652706877001
7950,4.25959210997716
7951,2.4210257282221
7952,2.7330567782544
7953,1.12720856125757
7954,5.77995280677437
7955,4.7456751583923
7956,3.17670080845026
7957,3.05088840443416
7958,0.799462416223233
7959,6.77656569822563
7960,6.4619876264527
7961,5.37144627553563
7962,5.56011707807957
7963,2.155984834563
7964,4.39290971461473
7965,1.63449216380917
7966,6.35465662917967
7967,3.87286640908907
7968,3.49778646802887
7969,6.26950666720813
7970,3.93888321427793
7971,2.86610956698573
7972,1.40355417421677
7973,7.16404429455404
7974,5.04166729076453
7975,2.77191206140016
7976,2.31741872096977
7977,5.36307061942984
7978,3.97245785027986
7979,4.29423830527623
7980,2.22192156080184
7981,5.9434555695626
7982,3.68691678281997
7983,3.5617015018261
7984,1.00984042975677
7985,5.30226201618154
7986,3.57248166695863
7987,6.45446082715017
7988,4.63569335303927
7989,5.1905431871219
7990,4.27848032340654
7991,6.78501019270163
7992,5.30031452706717
7993,3.23390834197423
7994,5.23312151292433
7995,6.04307413005533
7996,7.04690662134437
7997,1.7488245394745
7998,1.71262476615673
7999,1.7111056087109
8000,2.0610562118098
8001,1.31265128670913
8002,2.33726471439933
8003,6.4944864548753
8004,4.619653052741
8005,4.97881365327043
8006,1.05340556412477
8007,5.53197211722659
8008,3.54121866905434
8009,1.13468335494257
8010,2.8525729292496
8011,3.53588960132564
8012,6.22602175618611
8013,1.86035099620183
8014,5.8942337605386
8015,0.772778905994
8016,5.01827916778973
8017,4.65686087351007
8018,3.69491953904927
8019,5.93605738842417
8020,4.2305645860265
8021,6.1177531657175
8022,5.70441798564894
8023,2.27372877918017
8024,3.24306319708523
8025,0.995696467343999
8026,6.94692250103563
8027,4.54621131842163
8028,4.1756798397688
8029,3.26660282010103
8030,5.80704841566093
8031,7.09266377126383
8032,4.37466868505547
8033,7.2256719594432
8034,2.6870774898935
8035,6.47681008028974
8036,6.0541306948845
8037,1.10321435919977
8038,6.00189937710963
8039,3.4758198349172
8040,4.06712875494707
8041,0.7650124420089
8042,3.82618717340993
8043,6.66172882545727
8044,6.25528139431226
8045,4.2794081783075
8046,6.085276138203
8047,4.9667297435238
8048,6.07199190302398
8049,5.31247746530593
8050,4.13511611465684
8051,3.76667823651907
8052,3.74142728235897
8053,1.7366006147315
8054,6.95327529081331
8055,7.10111666329637
8056,4.06732262777813
8057,1.98309839282943
8058,3.58442526076517
8059,6.5975836769317
8060,4.9678726832977
8061,7.40708680253233
8062,0.947529014234299
8063,6.09091287793314
8064,1.22162647344543
8065,2.53331030578196
8066,3.43532362605603
8067,4.24775758455164
8068,5.6341015454413
8069,6.26158599859976
8070,2.78623340261513
8071,2.8551173802272
8072,4.81906848389637
8073,6.05915023813606
8074,1.69281770746233
8075,6.52921845459246
8076,3.98517376678833
8077,1.9173058523854
8078,6.17798873040677
8079,1.74636170364527
8080,6.41570824550513
8081,1.0127189734907
8082,0.9524669581472
8083,4.04683497779213
8084,3.41961594323786
8085,0.971132158252467
8086,5.73403476623967
8087,3.1660566875734
8088,0.6918878479187
8089,5.00308345903467
8090,6.4543533837634
8091,3.13788382366327
8092,7.01047141623997
8093,7.07775533761924
8094,2.27353828011163
8095,4.0473590463937
8096,5.8111903158257
8097,1.32094049167893
8098,5.09851829978123
8099,6.24223417403216
8100,0.806206901042866
8101,1.91548939875927
8102,0.726926615853899
8103,0.524964943908233
8104,2.75395633895163
8105,4.88078160682156
8106,0.958041244304567
8107,5.23926844427187
8108,2.38527404496883
8109,6.71281246817437
8110,2.34244451801927
8111,2.33413534998647
8112,3.28754433386607
8113,2.0213527850283
8114,0.638015972687366
8115,5.56492657849977
8116,7.25915701304227
8117,6.68069824673942
8118,1.46826252292273
8119,4.72528362099606
8120,3.88124039238397
8121,6.02849121030707
8122,6.62325802050517
8123,4.41460990863393
8124,2.52309793920303
8125,2.94037166010843
8126,2.17521628007563
8127,4.70803920557233
8128,4.56079516410463
8129,4.71148943784836
8130,4.72016174660316
8131,2.44137296497007
8132,2.5889289089533
8133,0.9368550065599
8134,0.983895119810434
8135,4.31020727092037
8136,0.842193047245801
8137,4.4361714952052
8138,3.9384082296901
8139,4.5231847214011
8140,4.8250010096631
8141,2.36242838209253
8142,6.72748973723674
8143,2.9946897309482
8144,3.52156802666347
8145,3.10351539485953
8146,6.33202485227883
8147,4.78126425353627
8148,6.4969283865117
8149,2.64148210926113
8150,6.02377985041307
8151,5.5122429160797
8152,4.07442916032177
8153,3.2913415773419
8154,1.32565623104193
8155,5.34512179517023
8156,3.676263009925
8157,2.0430239664336
8158,5.4553500835475
8159,3.8127579420233
8160,6.71363565381946
8161,4.57973236033353
8162,6.8426617138724
8163,0.627088345318333
8164,1.56516905580147
8165,0.9233554903281
8166,5.30001968694472
8167,0.824721941040933
8168,5.4457097768036
8169,1.0425532287608
8170,4.554357412264
8171,1.35025568343163
8172,7.04577863482396
8173,5.02782433012579
8174,5.965610511525
8175,0.8053844700944
8176,1.83781839012707
8177,6.49495930295469
8178,2.7385919195102
8179,4.1614483224898
8180,6.86074922729578
8181,3.02241714422547
8182,2.5565447263356
8183,6.47514352633296
8184,4.76514985908643
8185,4.684823334437
8186,6.02487334337466
8187,7.10201753964303
8188,3.5769867422629
8189,6.5021778994812
8190,6.46433287827479
8191,6.57193631684547
8192,3.69652820495926
8193,0.920650073402
8194,3.06772075794153
8195,3.26832114320663
8196,5.85244500845367
8197,5.7336275983386
8198,3.74249759931307
8199,4.89766387802433
8200,1.15514730369407
8201,1.7070762115117
8202,4.89872551469817
8203,7.11886321665134
8204,4.88009193998284
8205,4.28876495242953
8206,1.82736076389887
8207,3.23498799691354
8208,1.89180294926523
8209,3.7528020156523
8210,5.32679456251434
8211,3.75104446395727
8212,5.2915227624873
8213,3.02611733647023
8214,6.64620757442747
8215,3.01887309908573
8216,0.925563906971333
8217,5.1689049700109
8218,2.9651213905893
8219,6.03558458754036
8220,6.92170381686927
8221,2.27413728770234
8222,3.58462700384287
8223,2.42505725780743
8224,0.978103066329733
8225,3.96713180765306
8226,4.49993899840646
8227,2.62053478377227
8228,2.19471237345103
8229,4.27217076549004
8230,3.60301526087176
8231,2.22333357966117
8232,5.8367815265318
8233,2.22997032237547
8234,3.66861809208963
8235,0.546470670807233
8236,6.4060427440569
8237,6.79739789063944
8238,6.88331512326707
8239,1.45298540113217
8240,0.937010565398133
8241,1.0233273526256
8242,6.23010415125344
8243,5.8131751911252
8244,5.14505382367259
8245,1.7722309555054
8246,4.22884488126746
8247,3.97619407214587
8248,0.813875146900933
8249,2.8438292027716
8250,6.07044382663139
8251,4.84004635903276
8252,4.936868030179
8253,5.88756243646948
8254,1.45111188541197
8255,3.35763185756637
8256,3.9511510782808
8257,5.38895337678277
8258,5.4045250223762
8259,1.0147741195554
8260,4.40172423423916
8261,6.3878451864288
8262,4.3594129782161
8263,4.7684924027353
8264,6.95358769233247
8265,4.72545599991216
8266,3.09756004074787
8267,5.93370263116833
8268,3.83234355774917
8269,0.908735724182432
8270,6.1031862727523
8271,6.06367273976943
8272,3.45612745670934
8273,7.00043475108613
8274,6.71362484074707
8275,4.84002576981306
8276,1.46470829438807
8277,6.94909425997533
8278,1.8247706102428
8279,4.9650427896466
8280,5.8507120907001
8281,2.06453369948263
8282,5.61759363903523
8283,4.64771838933431
8284,4.9933286917212
8285,0.825583516477667
8286,0.862926053439467
8287,6.19556294588509
8288,3.8846768278755
8289,4.5694704385515
8290,1.4613102269153
8291,3.28055265023497
8292,5.61753479294704
8293,6.03479949186423
8294,5.60120374785083
8295,4.39407859739247
8296,5.0601749214188
8297,5.60275291716687
8298,6.14668068650977
8299,1.85865250566173
8300,3.17827222454913
8301,3.49750770762867
8302,5.017097047709
8303,4.76609808110967
8304,1.99194829454593
8305,3.4349745455954
8306,5.6272870125677
8307,1.00219229936513
8308,3.56445528352327
8309,5.87185504999224
8310,6.16165381937333
8311,6.6848698394342
8312,6.0542870414037
8313,5.16452579589027
8314,3.63552573248927
8315,5.9549526326101
8316,6.54937170395933
8317,1.97614962142603
8318,4.09437205777873
8319,6.6626748191296
8320,4.41519399983491
8321,4.82758247458037
8322,6.27846902726577
8323,4.405984378593
8324,4.21259094011137
8325,5.0667097751743
8326,2.41211669405846
8327,6.33290222437669
8328,4.77721460563463
8329,1.88685504175593
8330,3.5246071942575
8331,3.2351042710364
8332,3.4864457364512
8333,3.74620980603326
8334,6.48177770458293
8335,0.817169949001367
8336,0.990819874114766
8337,1.68436444613123
8338,3.88226845011087
8339,6.25470892878846
8340,5.03478022876403
8341,1.47292148961933
8342,3.22004762687447
8343,7.3019506489759
8344,2.30513210114244
8345,5.32839052304697
8346,2.93256137923487
8347,6.24344547960724
8348,5.0005216091394
8349,6.3288308354848
8350,5.29438364740357
8351,6.74107679280737
8352,4.3847186340005
8353,1.40179737441083
8354,3.51291316759707
8355,0.759832017741434
8356,5.39554049913156
8357,0.9583341244229
8358,0.965460827213234
8359,6.04503724668163
8360,6.29705227363944
8361,2.81849640984423
8362,5.4860635788222
8363,7.03438307103259
8364,2.39125565392487
8365,0.993117036099101
8366,4.46772734370447
8367,4.07600244297253
8368,4.57220627414114
8369,5.5768970331885
8370,4.190879529378
8371,0.800285698286332
8372,5.93145527503783
8373,1.4583252101465
8374,1.49843085596293
8375,0.910311609071199
8376,4.06380821898657
8377,6.28191313581003
8378,4.9283617107058
8379,1.11931230590097
8380,5.01500500763504
8381,2.03286208576737
8382,1.80082536700537
8383,4.04894056630843
8384,4.66298394953183
8385,3.16343356274217
8386,6.00519297988806
8387,2.7866082130478
8388,4.06509458815867
8389,6.14676532104104
8390,3.7405119291134
8391,4.88136262834733
8392,1.04678552485947
8393,0.887181598462033
8394,6.22269687992163
8395,1.96046526375707
8396,5.1128755194477
8397,1.60331241799213
8398,2.23959615447503
8399,5.31182696027817
8400,0.838508802952067
8401,3.47069548444637
8402,6.81723177213494
8403,1.9205193442479
8404,5.44716611925106
8405,3.41405809324457
8406,5.8743134770533
8407,2.79704979447526
8408,1.28071151866957
8409,5.04275232103233
8410,4.51624093914767
8411,4.92175673599563
8412,1.31569215860573
8413,0.5383573442554
8414,2.32551493581
8415,2.83775049725647
8416,3.12076095780023
8417,6.62813931291853
8418,4.12704127013413
8419,1.42966380434643
8420,6.55896398938857
8421,5.76041602349043
8422,1.19001160526467
8423,6.5321798087929
8424,5.09876894116283
8425,4.06323803773077
8426,4.26157918376586
8427,4.6189677678947
8428,2.75662642684057
8429,6.289864560543
8430,4.77640586175483
8431,5.58507876740334
8432,2.28694234544387
8433,5.28270102488603
8434,6.03220173249603
8435,3.52696779509467
8436,6.76611153316773
8437,2.19030329659853
8438,6.25547760662163
8439,6.76194971370927
8440,6.87766505097057
8441,5.36365787751063
8442,6.6090372288415
8443,1.05497076298783
8444,3.56494653289137
8445,1.2254807110391
8446,2.57052144200717
8447,1.15282440133543
8448,1.13049679666983
8449,2.5591662964318
8450,5.92317257261897
8451,6.60900120208033
8452,0.802998963403034
8453,1.9219508826573
8454,6.91119715233427
8455,4.3949849362201
8456,3.48830505045737
8457,5.66244283712983
8458,6.46515711736826
8459,5.49652444802363
8460,1.52241032040053
8461,3.1595352862236
8462,1.85172574122017
8463,4.56397810336443
8464,3.12551723295754
8465,0.869195761196233
8466,0.873444218230033
8467,5.82174637794434
8468,2.3931002350459
8469,6.1847247067633
8470,6.10954955067902
8471,0.870507235782599
8472,6.97095313491527
8473,2.9831789941434
8474,5.23035308945924
8475,1.71632789052967
8476,3.3902909180477
8477,6.363180658113
8478,4.18489916177557
8479,6.41983546651197
8480,1.82390177147767
8481,2.3557267905693
8482,1.43164399509217
8483,3.8594060430361
8484,7.09500968570927
8485,4.8129373584974
8486,6.03320300944247
8487,3.28057822677573
8488,2.3151245895752
8489,1.7255319614504
8490,6.2578055849895
8491,2.67053276387203
8492,7.23878613196361
8493,4.8078214397633
8494,5.781508948627
8495,2.8904849271512
8496,4.24915959262867
8497,6.89393608044156
8498,6.5703524045159
8499,1.8334795165912
8500,6.5187710081834
8501,3.38903142026803
8502,4.20941327534127
8503,4.6026171120607
8504,5.45207306448389
8505,1.0158872966891
8506,6.84109178545995
8507,2.58813267639476
8508,5.11359210039877
8509,6.29696084516527
8510,1.40845939016083
8511,4.55143173084613
8512,3.32588194905387
8513,6.20893604198076
8514,5.92241580989153
8515,6.38463194152986
8516,4.9720675186094
8517,4.1638430932987
8518,2.87547802628797
8519,0.780944937386967
8520,1.48025180524697
8521,5.7117198507326
8522,4.31302427263557
8523,3.8575627164625
8524,2.9837350618485
8525,3.859083949802
8526,6.12036706292653
8527,3.8190533186546
8528,0.880271390303333
8529,7.37483878746087
8530,2.6582104898241
8531,2.46576866032624
8532,5.15140424735826
8533,2.31742734547483
8534,5.45290248080334
8535,4.6705870280158
8536,5.3615667509289
8537,5.90864035081094
8538,3.8687441017637
8539,3.2486054246923
8540,5.9356659102689
8541,2.5333139437443
8542,3.8072762186013
8543,4.76544889512723
8544,2.86801176464773
8545,7.01271201503277
8546,5.14890591245953
8547,5.32370202491587
8548,4.44599422177743
8549,2.74809561494
8550,2.27871130511423
8551,6.82410778026597
8552,6.06638662587326
8553,6.000127601028
8554,0.927445651554033
8555,4.29924583030337
8556,3.4120125545197
8557,3.1334502995088
8558,1.342361007593
8559,0.788080339409199
8560,1.52769181970367
8561,6.30185745649667
8562,6.30791701745653
8563,0.911327553362501
8564,5.58289664799424
8565,1.0183766250727
8566,6.3689908301499
8567,4.63239064319683
8568,2.35930591798454
8569,3.1171257821996
8570,6.64642404498153
8571,5.59548991707419
8572,4.48882398166787
8573,6.37594072925447
8574,0.935764135335
8575,5.75181143697491
8576,6.50726525614767
8577,6.75371814034353
8578,1.7682200156004
8579,1.76856499953997
8580,2.6164621355854
8581,4.38629056647584
8582,2.75276713900617
8583,3.29798672889317
8584,3.1752033259279
8585,5.59146819706874
8586,2.32401170805673
8587,2.51434954655607
8588,5.07198042508784
8589,2.5748232431788
8590,4.87467620780111
8591,1.9174049828356
8592,0.860184764490333
8593,2.22210834125787
8594,5.8485846749601
8595,2.0551878099735
8596,3.97166398286407
8597,6.954020427472
8598,0.892225568498633
8599,1.75104932583493
8600,3.4740427573624
8601,6.79003716463983
8602,3.60556748835644
8603,4.75281824375467
8604,4.7304453423053
8605,3.32839087933707
8606,5.51854880587662
8607,4.54095975516824
8608,3.4217828914162
8609,5.29498737945993
8610,5.9931731491671
8611,1.4270726218278
8612,0.888572069413966
8613,5.3627990004894
8614,5.823609909108
8615,3.27999342312837
8616,5.96490250512896
8617,2.0674363628419
8618,5.91890481904723
8619,6.36786431511017
8620,3.4899440844672
8621,2.94148658301147
8622,5.62337750104809
8623,4.91203476439947
8624,4.5360007342379
8625,4.18942742953887
8626,5.75924489234156
8627,5.38702568316956
8628,5.2116510001237
8629,2.53550705997647
8630,4.07545624795096
8631,2.58066831646037
8632,2.62819464669216
8633,1.2625931773192
8634,2.1177013893612
8635,4.37967384866417
8636,6.17588835669857
8637,6.5697799008234
8638,1.27213236333327
8639,5.28918100968053
8640,6.2860204379999
8641,1.8448333484353
8642,5.4714856145826
8643,4.68276038930384
8644,2.98577413320103
8645,5.09179325935193
8646,5.13414676667317
8647,6.1386759015582
8648,5.0748378861242
8649,5.5940884383081
8650,6.9171719624297
8651,6.24109001462667
8652,2.67172475525747
8653,6.0845687131484
8654,3.87632284550123
8655,2.92704665249783
8656,6.73092516547194
8657,2.38866780741477
8658,6.13087869864837
8659,3.12201122897007
8660,5.05274189635503
8661,4.60436422818774
8662,2.84553038230103
8663,1.32170450095473
8664,4.5446273129658
8665,6.10495320272736
8666,3.3757257224677
8667,2.1207250227745
8668,2.60456210692197
8669,3.25996901711156
8670,6.43056009554086
8671,4.74643348900043
8672,3.83859378056714
8673,0.772445534489467
8674,6.99990048534591
8675,1.77429868191423
8676,2.45757728004594
8677,3.14393416599553
8678,4.04858335151236
8679,3.82156073687053
8680,2.54089517532816
8681,5.48398250270187
8682,3.13725141867691
8683,4.6441799218359
8684,1.79992047185077
8685,7.26529728589274
8686,6.2722440990851
8687,5.89813004862776
8688,6.088107099542
8689,2.9454685974519
8690,0.9540323826715
8691,5.44246423043566
8692,2.28424901398477
8693,5.67468468620371
8694,0.6151903649635
8695,2.4522395270589
8696,3.53853003356083
8697,2.84101651265697
8698,3.7998642088233
8699,6.09990966025393
8700,3.4972270780784
8701,1.22189940759643
8702,2.4675722329035
8703,4.62153676139033
8704,2.8307159079926
8705,1.4777329830235
8706,4.61175502393063
8707,1.7776788133097
8708,5.50077557054673
8709,2.9652363157045
8710,4.36877607476857
8711,3.47343410781843
8712,3.3966361887105
8713,6.00630744249724
8714,6.30893509573964
8715,1.7238762365464
8716,3.9497262688696
8717,3.52581230014947
8718,2.53953978798427
8719,0.8631685457017
8720,4.40663001393567
8721,1.92552368759483
8722,1.91410729827707
8723,4.89514386072413
8724,6.17844461483253
8725,2.4616472040479
8726,5.2560081301253
8727,5.2543103249902
8728,1.62623572585347
8729,2.3120378618968
8730,3.21588023217123
8731,1.80702121422077
8732,3.75739281609973
8733,4.63347682323247
8734,0.934329204539733
8735,3.71531567137693
8736,1.03640103498677
8737,4.77176720170913
8738,6.1097272294466
8739,1.03899749508503
8740,1.52510948920737
8741,5.55403023665921
8742,2.9797396321333
8743,2.42437818103327
8744,1.094144574972
8745,7.06757371325411
8746,3.66607564399657
8747,4.38020769310997
8748,3.3102992536657
8749,3.22773029599244
8750,5.95115607233797
8751,2.1631183031323
8752,6.51764882360443
8753,1.00538209459947
8754,5.19698671749584
8755,5.99022169553877
8756,1.72382791471407
8757,3.99520171117263
8758,0.660290692425
8759,3.46719065854007
8760,3.3293358181808
8761,1.3262166927383
8762,3.2880708386133
8763,3.38245265652833
8764,4.24337497440056
8765,2.54474589030563
8766,2.42683153501373
8767,4.14559223215103
8768,0.809581694758633
8769,4.68874810821683
8770,2.9154893594317
8771,0.899740716260134
8772,2.6133824436391
8773,3.17853726565647
8774,1.1365295389084
8775,1.2678091574224
8776,4.58333342552657
8777,4.91122482293383
8778,4.59963216369773
8779,0.8706157418588
8780,0.799147853861633
8781,2.67798851814594
8782,5.88577706734613
8783,2.8548704428196
8784,5.96296345759686
8785,3.41748190883893
8786,2.54467976507037
8787,4.89916041546507
8788,3.5509065464197
8789,6.31070559911797
8790,4.76840502538294
8791,0.8881304266854
8792,1.79392307220843
8793,1.41219826598453
8794,3.03299053488357
8795,2.5249771807416
8796,2.43039380972583
8797,6.94083563060064
8798,6.81979281860467
8799,3.37717759301537
8800,7.19489084177147
8801,6.32438562426043
8802,1.6745486477725
8803,4.77886136255653
8804,2.7443591973969
8805,1.447063431906
8806,4.0859153152683
8807,0.867095737331067
8808,5.04798739052333
8809,5.02868999872066
8810,5.7792585375857
8811,1.67374573932597
8812,0.804346090058999
8813,5.15123595136181
8814,1.10047366664777
8815,3.8349461777624
8816,1.55927090734927
8817,6.5799908821087
8818,3.14023664985973
8819,4.7834978898039
8820,1.67312565867537
8821,4.0729357118257
8822,3.38022051473053
8823,6.72670840260357
8824,1.6262891482997
8825,3.22368832312697
8826,3.27395017558683
8827,1.50352476122267
8828,4.9142666988849
8829,3.01402751185626
8830,1.593377198606
8831,0.783876919049832
8832,6.79033403444497
8833,5.04273482134393
8834,6.53372275699043
8835,5.1824326426439
8836,2.60499284898813
8837,5.52074885347754
8838,3.48144624611847
8839,0.858847690190733
8840,3.37523937387143
8841,4.13856972041763
8842,3.98040973619374
8843,6.50256063124594
8844,5.1510512367111
8845,2.17918467209957
8846,1.57311449341633
8847,4.63925762845257
8848,2.45593689523977
8849,1.58978702654793
8850,3.058478203912
8851,4.5829310619697
8852,4.0457875457182
8853,6.26754645239016
8854,3.63263446768623
8855,4.88621902975727
8856,4.6330199291504
8857,2.35258714769976
8858,2.72086608446646
8859,3.13763033889093
8860,6.80027615614477
8861,3.26853863509313
8862,1.8034867248046
8863,2.70419883316893
8864,2.31185405501017
8865,3.35460931736747
8866,3.77399009051447
8867,6.54404314525347
8868,7.07397907552711
8869,6.01625396623251
8870,5.3016566524201
8871,6.1808570920836
8872,3.11051953507513
8873,3.1029666773724
8874,7.00912263906113
8875,2.54692596348143
8876,3.01303662648843
8877,4.02614904863827
8878,7.11225418841056
8879,6.4092910555493
8880,1.07865287650297
8881,4.27274094497146
8882,4.61583402956886
8883,2.6805773010476
8884,1.6892660774209
8885,6.0811017546413
8886,4.809738099985
8887,5.83873247733707
8888,5.32037460021923
8889,1.6216455004321
8890,3.31593999751887
8891,0.857433994260767
8892,4.57686511136863
8893,3.80774928947087
8894,5.06098910925287
8895,3.78626530673614
8896,1.84333300866677
8897,3.28046318297323
8898,4.0799704317835
8899,5.75232193867773
8900,5.4847101411322
8901,0.937085576280033
8902,2.60715238453447
8903,5.8025502885
8904,3.41529795937504
8905,2.31637896468207
8906,6.5916890694627
8907,4.39653921890163
8908,2.00963996251333
8909,0.549203958083266
8910,3.02683581430873
8911,3.1331006044394
8912,1.9529879808026
8913,5.85172454376496
8914,3.46363933413303
8915,6.35429008170413
8916,3.1667179688905
8917,6.89445697680097
8918,4.5987733687217
8919,2.92008169794044
8920,4.61255656316197
8921,6.2249850184904
8922,5.93411000517989
8923,5.91215690980439
8924,3.81479094818433
8925,0.894829026440034
8926,3.5419719252424
8927,4.83378306401466
8928,4.58953565795183
8929,6.6065513597195
8930,1.31157403087033
8931,3.70635554515603
8932,4.60785551045837
8933,4.1523173436187
8934,5.4340210410745
8935,1.47811950181457
8936,3.15969006274593
8937,3.8787430816092
8938,4.60541569777484
8939,6.84122803009357
8940,5.11493648544754
8941,1.2713149336506
8942,2.57622879699103
8943,6.69229321316699
8944,3.1489391590245
8945,5.70540644477111
8946,5.43959754625797
8947,3.45964105841483
8948,2.91490439553384
8949,3.46040956471697
8950,5.94898122167616
8951,2.0902715155809
8952,2.7668053673189
8953,4.080871683007
8954,5.67400377389709
8955,4.98637862745717
8956,3.1060438489604
8957,3.3143620476687
8958,2.6870282854523
8959,2.90623609576293
8960,1.3121036011374
8961,6.22164485438326
8962,2.73697264199693
8963,2.55399300326683
8964,5.31475462548984
8965,2.55886744920393
8966,4.46245634192013
8967,6.36085285471653
8968,5.06663102109897
8969,6.2625305851627
8970,3.3604069049976
8971,2.97861334259063
8972,0.845591209442433
8973,2.5412843785795
8974,3.21409338349083
8975,3.81191726402223
8976,4.40140641852753
8977,3.8536423978356
8978,6.55153200471017
8979,0.739625459006433
8980,6.46184615250223
8981,4.8907356996338
8982,1.11793617536107
8983,1.12269762313577
8984,0.898285148823733
8985,5.65100186521653
8986,6.27200749807768
8987,3.17353621788906
8988,0.721883322731233
8989,5.05652416400557
8990,5.60824162063543
8991,4.02449491943287
8992,4.17932568995923
8993,2.77278130447066
8994,4.74646127564407
8995,2.62124614565093
8996,4.5812692944479
8997,6.36877262081416
8998,4.97354342017833
8999,5.63139972774554
9000,2.3874699012001
9001,2.7002998086188
9002,4.1856706860548
9003,6.4478238300151
9004,2.30410666312
9005,6.74822560230794
9006,0.8777103761683
9007,5.02445141593706
9008,4.75012688809233
9009,5.54295161052456
9010,1.76836520092623
9011,2.78145403736523
9012,4.2602846313804
9013,6.3072424446652
9014,3.5624923499971
9015,1.20377737722287
9016,1.35684103719817
9017,3.15044185384364
9018,4.58363870021774
9019,4.7306271095889
9020,4.12283656815064
9021,5.61226037130923
9022,3.71952523870813
9023,6.6626771714942
9024,4.91039928243176
9025,6.40581589463564
9026,5.29677822629423
9027,6.22641996591033
9028,5.12069086651083
9029,0.862658001779966
9030,2.0008570959821
9031,5.4722546902721
9032,0.796257706917134
9033,3.2521463257331
9034,2.23453100237123
9035,4.30550861400396
9036,6.12238473079281
9037,4.06134354706847
9038,5.60728184420164
9039,0.627439051710734
9040,5.1760097713397
9041,3.55525253054817
9042,6.6201971758291
9043,1.4973033363854
9044,3.14907558038667
9045,1.38984366470903
9046,4.04606880554783
9047,3.13925360386883
9048,3.87818776639284
9049,1.8159863746991
9050,6.13941066717337
9051,4.4481812093266
9052,5.97329714242487
9053,4.1443483630216
9054,2.32601782533387
9055,1.5364649264235
9056,6.5718689608121
9057,4.88526403524243
9058,6.98681945068453
9059,5.793841270778
9060,2.28581044013066
9061,1.61301520414993
9062,5.61194617767187
9063,6.38154730525463
9064,5.7392180770671
9065,2.01084164272607
9066,2.53469605278043
9067,3.7650105971546
9068,6.7708779709092
9069,5.0046083211121
9070,0.864388018964267
9071,2.20658214029013
9072,6.4438012085075
9073,6.17772448003093
9074,2.55992067746723
9075,4.0900970881143
9076,1.14193481584997
9077,3.17602250774327
9078,2.19461605971183
9079,6.63660583741034
9080,1.58534693178423
9081,5.3246117746374
9082,1.44459532341997
9083,1.41805611276263
9084,5.97361647523087
9085,2.8954323378533
9086,3.9221440465638
9087,6.54776704903783
9088,6.11578099854707
9089,1.6176921105462
9090,2.6745543865798
9091,3.2030952119981
9092,5.5834893332874
9093,3.2696495681885
9094,5.13318753738496
9095,2.11560563444133
9096,6.0341590790288
9097,0.976720427333967
9098,4.44860060117613
9099,6.50934949562914
9100,5.02556135180627
9101,2.2020179371984
9102,1.38880816301587
9103,3.15031338908547
9104,5.33592563733137
9105,0.729203202971333
9106,3.68497641506947
9107,4.88519685395913
9108,7.1689994906102
9109,5.81957719123177
9110,3.54938033694257
9111,0.992768125691667
9112,6.14333436186287
9113,3.31646375762447
9114,4.5520482172038
9115,4.71533692989163
9116,6.91517612136814
9117,5.11258306924987
9118,3.81971454084213
9119,6.1820630183646
9120,5.30917488158017
9121,5.41217951423546
9122,6.11481900769347
9123,3.14047436628947
9124,2.58266347512463
9125,3.1756901395961
9126,3.11684371323143
9127,2.26891064755903
9128,0.923194067219233
9129,1.6955692422627
9130,2.39294209797237
9131,4.0587288616012
9132,3.1565603736808
9133,3.28249298825717
9134,3.8361559471504
9135,1.07190555570097
9136,4.4247322890635
9137,6.54703278442537
9138,2.67214400705646
9139,3.43232236178903
9140,6.06346033822666
9141,6.36679574431926
9142,2.82237028595147
9143,5.24399627653504
9144,6.09585631701877
9145,2.73994816063507
9146,4.3759760233931
9147,5.38867873415753
9148,5.3514730172573
9149,2.60352947831217
9150,0.950570191001167
9151,4.9234500053393
9152,2.47833869262753
9153,4.14669657200321
9154,2.59085848484263
9155,0.912673894110766
9156,4.1536491574886
9157,6.11099049850757
9158,6.17249957344211
9159,6.2248193941067
9160,4.51383627815367
9161,3.15560385377184
9162,6.11540324558976
9163,3.11306457925133
9164,0.7497860178548
9165,6.90398035285004
9166,1.70263678356606
9167,0.571899805213733
9168,1.33435903075723
9169,5.36121532248153
9170,2.2068569552977
9171,2.0663540472802
9172,2.79434955652817
9173,6.80088442070636
9174,5.4968741141282
9175,1.0764273915427
9176,3.3017998941875
9177,2.70400277692057
9178,4.5556631430593
9179,2.06675974365263
9180,2.64888163774004
9181,6.78163502321893
9182,4.56783099929223
9183,6.39307996875696
9184,3.3682048996905
9185,0.6645168943603
9186,6.58603921334247
9187,6.0812329958261
9188,1.2362291676828
9189,0.756689105069234
9190,4.88560544940126
9191,5.53842321547783
9192,4.5378532423152
9193,4.6588827315461
9194,2.95343416466413
9195,5.44683757416536
9196,2.1984820415903
9197,3.11126536259403
9198,2.13584410289993
9199,4.47653573929507
9200,4.30039414652176
9201,4.07497918513587
9202,3.94206804743643
9203,3.14334592653363
9204,0.449502485157934
9205,4.550064048624
9206,3.09045010313077
9207,0.7497628352563
9208,4.79833804916327
9209,1.5952872966971
9210,4.59792046750656
9211,6.5681523034312
9212,3.25194056421854
9213,5.83964654955693
9214,7.00433941663294
9215,4.77305811712853
9216,4.52429416859397
9217,0.774644284895934
9218,2.70325648580343
9219,3.31827075430883
9220,0.868182970226733
9221,2.92563610239547
9222,3.8738122764766
9223,6.35708791013977
9224,1.46548212188153
9225,1.52027109853253
9226,5.70631007772013
9227,5.75186213228003
9228,3.0538573777567
9229,6.87578164594471
9230,3.00098377727413
9231,4.2951588857355
9232,3.13051332379097
9233,4.23265594771727
9234,6.92539986757094
9235,3.2887314205898
9236,3.92071199535413
9237,4.16086360483457
9238,5.92609230987303
9239,2.05629187725513
9240,7.5930736420121
9241,4.20157174173381
9242,6.9684737313006
9243,3.83491361269813
9244,0.922456432493366
9245,4.16108307392764
9246,0.6798304593414
9247,4.14268380203949
9248,5.56077171302387
9249,3.97853168409773
9250,2.94984604894853
9251,6.58497365422136
9252,5.3513480710397
9253,1.32443722161177
9254,6.06644628956526
9255,3.33058210706943
9256,4.81411900018446
9257,7.20985242557474
9258,2.0244008604383
9259,4.8342275361154
9260,6.0121103308575
9261,7.16659193624687
9262,2.4512926896896
9263,2.4155804003527
9264,1.15533777503203
9265,4.75456380043553
9266,6.3520014027322
9267,1.90913612498713
9268,4.03232122928173
9269,3.9302431195392
9270,0.539686471172966
9271,4.0151477793788
9272,3.05119950252013
9273,3.5831976117656
9274,6.80946490843586
9275,5.89327929631894
9276,6.70160067265137
9277,2.68205545446936
9278,5.34616870110607
9279,4.52686740090683
9280,4.71460872602801
9281,6.76205753999143
9282,6.70649173781583
9283,6.1368723966069
9284,4.61333466742377
9285,2.14561281256797
9286,3.74820944657447
9287,1.501055416795
9288,3.6220242183889
9289,0.871079895793866
9290,2.78285942213937
9291,4.1014606029637
9292,7.20341919553633
9293,3.94803766898713
9294,6.83750017236298
9295,0.924066667481967
9296,1.6910017550839
9297,4.40459241970073
9298,2.4500816837427
9299,1.02408559361487
9300,5.77557892102303
9301,6.0612432693975
9302,1.00537492379577
9303,2.492620389512
9304,4.33363893162587
9305,3.6731131525577
9306,3.23432113623566
9307,7.33105346514066
9308,5.45696860580726
9309,2.75475470431707
9310,3.5592071982859
9311,4.51581631708303
9312,6.82260011811967
9313,5.20494754597413
9314,6.29516315489153
9315,4.7103953360779
9316,3.07517527304147
9317,6.77914472124106
9318,3.12767604316113
9319,5.01152722480453
9320,4.5991576086231
9321,2.856634079558
9322,1.06328477593663
9323,4.8129877342073
9324,4.85217393620834
9325,4.26167191219707
9326,7.0555547486965
9327,3.06435816790684
9328,2.31078253960477
9329,3.8934841746454
9330,4.36931181961703
9331,0.964971188333067
9332,4.5642877271072
9333,7.079840230664
9334,3.7465408075061
9335,1.64369219012353
9336,3.65947603959667
9337,4.06516480837444
9338,6.82447806054739
9339,4.5981646581165
9340,6.96266960645453
9341,5.73373499238667
9342,3.4590154038207
9343,6.0777282502671
9344,6.22469838596614
9345,5.28713647164573
9346,0.983004835076667
9347,1.51833865506753
9348,4.91177987813814
9349,4.93899588456783
9350,5.41144411206367
9351,4.93926826072666
9352,7.22604901261067
9353,4.4246117368842
9354,6.4744427143552
9355,7.25475851037081
9356,1.26938489155827
9357,5.12796195651703
9358,5.9867760959218
9359,2.35194217098686
9360,5.86481006746573
9361,1.65466937904987
9362,5.4330194394755
9363,6.72768881657353
9364,4.37305982377743
9365,0.622277413114767
9366,3.00637038500923
9367,3.02816322865656
9368,6.76511032073003
9369,0.803844889253032
9370,6.82444431721056
9371,1.9225672131613
9372,3.02050631601177
9373,6.69768905934754
9374,6.83614619212681
9375,5.796254602365
9376,5.01031360889789
9377,6.28961095668506
9378,0.621069128412466
9379,2.47696857990123
9380,5.4230431461424
9381,2.6226996237814
9382,6.25029068218301
9383,4.92281263796663
9384,0.963939789009533
9385,1.47638766712404
9386,2.52284760676277
9387,1.89076466338574
9388,5.93015879315613
9389,1.005170590078
9390,6.2445790161321
9391,5.15692438982903
9392,2.71793138178043
9393,3.73242006974913
9394,4.62552985266553
9395,1.25865294604453
9396,6.61480408841263
9397,4.91266109230943
9398,4.72032285546054
9399,2.4658455077758
9400,0.835101022093299
9401,6.20721663881293
9402,3.03882130538063
9403,6.71946751925173
9404,3.77329237864153
9405,1.26487997445043
9406,6.33328423674377
9407,1.05043665435573
9408,0.573515338097466
9409,3.68933590173183
9410,5.49820080734967
9411,5.1500296276499
9412,2.91493097094436
9413,3.05401983653457
9414,1.56639242026477
9415,2.58701379050657
9416,2.48853952564137
9417,5.99927893678876
9418,4.9918507750507
9419,0.751977192734834
9420,2.23400270981403
9421,1.11725538620077
9422,2.10483137874457
9423,1.46813972826613
9424,5.44123659053724
9425,6.53213793594784
9426,3.2707969309915
9427,5.8827253720678
9428,2.11139299094863
9429,1.51504864726987
9430,3.90386646656377
9431,3.92229519949534
9432,5.92774078072523
9433,6.63752891579538
9434,6.28722273359403
9435,2.3457261220122
9436,6.01163583185003
9437,6.85832014477374
9438,5.9736309804391
9439,4.1649361276246
9440,3.55320063469246
9441,0.975005682936933
9442,0.8756338472173
9443,6.93446278589787
9444,2.59636762830427
9445,6.5131412071805
9446,5.5719867398297
9447,6.8878176272529
9448,5.18431919619803
9449,2.57061365237677
9450,0.7051857932541
9451,4.58939310555576
9452,5.87534128817154
9453,5.5789566527511
9454,0.9192575779358
9455,1.52856174567593
9456,2.491351965405
9457,4.9478899957288
9458,5.15891701793647
9459,6.59186871002481
9460,5.30960201302344
9461,2.39806264034406
9462,2.1932848015465
9463,6.47096059758544
9464,2.70349348928077
9465,4.56658352995156
9466,2.67735707942226
9467,5.70181281057667
9468,3.3324487301084
9469,2.25838886742233
9470,3.55751843462473
9471,3.9734477766379
9472,5.31516991605723
9473,6.38637699174541
9474,6.16844871381783
9475,4.1569532911816
9476,6.57105106614687
9477,5.73533717658927
9478,5.89171519162806
9479,2.40605362913013
9480,2.64152152283976
9481,5.81445674057923
9482,3.34995255649397
9483,6.8092467101441
9484,5.28506336968327
9485,6.74945669374846
9486,3.8387013258953
9487,6.00489576536053
9488,1.48599729532317
9489,5.08408549707899
9490,6.35519324273567
9491,4.1450800548399
9492,6.40733940577693
9493,5.44964906055966
9494,5.66468249087763
9495,4.56214904069197
9496,2.7781197985011
9497,1.30706439984933
9498,5.45805817534147
9499,0.796231862179934
9500,6.5991218779633
9501,6.24039694002497
9502,4.45345681138839
9503,6.37592237597734
9504,6.73857345107427
9505,0.899220214393767
9506,3.66017032062514
9507,2.02776229397197
9508,1.26570126484494
9509,2.3853412158092
9510,0.7599001154763
9511,6.41696878099243
9512,3.964374376271
9513,4.76265579856703
9514,4.12266594040166
9515,6.7327975421293
9516,3.0790089589915
9517,1.80338898569453
9518,1.98352948828427
9519,5.62540331811143
9520,1.64349856377897
9521,6.76192952102647
9522,5.9811528906856
9523,3.8995044414095
9524,2.28219534786674
9525,2.1783768506446
9526,7.02173717415616
9527,1.1832516022112
9528,3.2362052936219
9529,4.9848745228397
9530,4.14305631148097
9531,3.7458600300931
9532,6.5386543845444
9533,3.1503360470795
9534,3.78148797610993
9535,1.78433741107924
9536,2.4587072580836
9537,0.808372377715167
9538,4.81823624709517
9539,3.48225541771563
9540,5.68811890190484
9541,1.6833688801003
9542,5.02622389598947
9543,1.62843585488067
9544,0.977534793634167
9545,2.01433535441097
9546,3.02954555523071
9547,6.12799389651971
9548,3.35373025424113
9549,4.83338997286813
9550,4.06692109511613
9551,4.22961612326177
9552,1.0128447158598
9553,6.62400443901063
9554,3.70528281578607
9555,1.21033379614597
9556,3.26355971355064
9557,3.00494813804747
9558,3.6809000324023
9559,3.3969298415529
9560,6.43508535637303
9561,5.0787560653533
9562,5.23971253205326
9563,3.15482522891023
9564,6.78307621977043
9565,4.19755723763687
9566,6.9794673102909
9567,0.573083046787866
9568,5.43499056808246
9569,3.98920585476473
9570,1.9288476990235
9571,6.6663123079798
9572,3.05202922266023
9573,4.4447592815143
9574,1.34395343761143
9575,2.12382169711917
9576,1.28381036665637
9577,2.10885127017413
9578,0.898667971775866
9579,3.46760792526687
9580,6.6511867503012
9581,0.816804917213833
9582,1.46677031976443
9583,1.6393431827342
9584,4.6073681839729
9585,0.997751857486334
9586,5.6794333858309
9587,3.9932047451258
9588,4.74092383278037
9589,7.0154902721384
9590,1.64066190073897
9591,0.7919804045106
9592,1.47830521188637
9593,1.4653436309195
9594,1.10869630558713
9595,6.23047102255566
9596,4.9065211299025
9597,3.5779962318603
9598,3.76179740072327
9599,6.08042740672771
9600,5.14939803032627
9601,0.978251510452034
9602,1.19229676101737
9603,5.34987606510996
9604,5.09626739741703
9605,5.08216385519124
9606,5.8751304867725
9607,1.62969026134783
9608,4.68419802837773
9609,2.15088151097953
9610,1.93638463491657
9611,6.1522351968222
9612,2.4546422832877
9613,0.736099719679401
9614,2.317212815328
9615,4.766229572025
9616,2.89403598152313
9617,5.7357018379602
9618,5.46073997113383
9619,1.78788371764553
9620,1.78773499692767
9621,2.56684137048003
9622,4.4750282978664
9623,3.58022461447207
9624,0.997693134600733
9625,0.7762936081362
9626,5.399487809531
9627,0.639436261315566
9628,2.85406628748757
9629,5.03809968029881
9630,0.801963787076033
9631,3.67868827732004
9632,5.41495942561536
9633,5.66803020366114
9634,5.07395252271166
9635,2.3251837149267
9636,5.52810626042917
9637,3.21721814336097
9638,2.17158671390913
9639,3.71916698899024
9640,4.83325242764796
9641,5.21046038528031
9642,2.17519808022153
9643,2.6683889616827
9644,3.6922450286426
9645,0.855122949962867
9646,4.60441657460113
9647,6.8308808121062
9648,3.2017309565728
9649,3.3245364639799
9650,2.61243186101923
9651,6.58364176870526
9652,7.07794272837067
9653,2.31483487220027
9654,5.49448259223403
9655,1.68436113463637
9656,4.64153782293817
9657,6.27939315281846
9658,3.12760315997364
9659,0.750555989557233
9660,1.17301733553114
9661,4.72069290261274
9662,3.3847609130306
9663,6.51593546957467
9664,3.40391148019207
9665,6.8466236911893
9666,4.64406246947533
9667,4.808701156873
9668,0.913289311505067
9669,4.7020819237475
9670,4.2909193863162
9671,5.29293360186106
9672,6.4088315403864
9673,2.01052190594377
9674,1.52507683855897
9675,5.4827532194739
9676,6.90578257957084
9677,5.89644392689023
9678,4.94109505705087
9679,1.2250395149982
9680,6.6991931654103
9681,4.9773694123283
9682,3.5809224728387
9683,1.5381268559553
9684,1.81080222699294
9685,3.14730013389467
9686,3.20887174746737
9687,4.45308876524167
9688,2.0751366284219
9689,1.03242820330087
9690,2.2463640189614
9691,1.45398900568957
9692,3.2804290487769
9693,1.7806311706869
9694,6.0947801924468
9695,6.84333765174366
9696,5.88343803078293
9697,1.93943060493173
9698,0.845818923271466
9699,5.22657487094133
9700,3.78187851064454
9701,0.956847167252166
9702,2.6764680928218
9703,4.57902699104626
9704,4.62050993764437
9705,5.19755883181477
9706,4.08519305611493
9707,2.66771900884033
9708,6.53391144671394
9709,2.7206262100577
9710,6.95345056479174
9711,7.38866250556263
9712,2.30006232077393
9713,4.7852578360332
9714,4.98208302472734
9715,3.037975364115
9716,5.47019694875707
9717,4.90495994616984
9718,6.03894026633817
9719,6.83559194727263
9720,1.36147587077696
9721,5.95172001704193
9722,1.0425939623988
9723,5.02233738784929
9724,2.83961215350633
9725,4.78620956170423
9726,6.41478188185404
9727,2.07189343713586
9728,5.723018308047
9729,6.8973487041806
9730,3.95818517779283
9731,5.83321190933107
9732,4.03341224991127
9733,6.36718152630886
9734,7.08460166114587
9735,5.0745136674154
9736,3.695793763382
9737,2.60874662127843
9738,3.06329779701197
9739,1.73169351827
9740,0.868013101588966
9741,2.2019493561347
9742,2.96093552218777
9743,2.5771181054536
9744,4.15127619406403
9745,3.1530023738568
9746,4.78919481612923
9747,0.4986887875241
9748,0.961944171739465
9749,2.67791884288663
9750,3.47247334690686
9751,6.397565078702
9752,2.9741123082307
9753,3.13726798631007
9754,2.75321481091007
9755,5.7900351155588
9756,2.71941345865706
9757,5.0728413336197
9758,4.70757641132217
9759,5.1862718584973
9760,1.102483526202
9761,2.64394975551603
9762,3.7718294198031
9763,3.80260218146437
9764,5.27583065939274
9765,4.9879725765269
9766,6.39599153442803
9767,4.893406101353
9768,1.7862226850735
9769,2.1754993444004
9770,2.85666457537973
9771,0.7965804932003
9772,0.816942151064365
9773,1.385613729179
9774,3.44148671474587
9775,5.1152064361385
9776,5.1248959402671
9777,6.4030917731929
9778,7.17764269823963
9779,2.8070247441801
9780,2.88891666489093
9781,4.42582936826097
9782,3.4953007260365
9783,6.21451740196477
9784,3.20342919193753
9785,1.08422942533153
9786,1.86785732366053
9787,2.66251876629813
9788,1.492278552715
9789,6.99659167662642
9790,2.95781716984327
9791,1.27195632828707
9792,4.15625926458246
9793,2.48982348514147
9794,4.54449532443349
9795,6.0961491629173
9796,6.3769791148447
9797,1.8689026112469
9798,2.83652719319487
9799,3.42682341345077
9800,1.78707085103497
9801,5.2476645805912
9802,2.9463499644986
9803,3.7325517001158
9804,2.45468763296173
9805,3.85858477572723
9806,6.53599454125897
9807,4.93168323987646
9808,2.43889445012727
9809,4.9701711377656
9810,2.61194722652913
9811,1.80247348816437
9812,4.10078030333017
9813,2.21787726065373
9814,6.4104637299738
9815,2.243448107252
9816,1.156620938069
9817,2.63433458823777
9818,5.54651878931246
9819,5.00560083081714
9820,4.09104680709643
9821,3.22768311003547
9822,1.49030702731757
9823,2.92464193027327
9824,1.25812266191833
9825,6.8410564377352
9826,0.884756828587667
9827,5.2822251499388
9828,1.9196326166835
9829,3.2383295117571
9830,1.4088828602264
9831,0.515180480875866
9832,1.5753646893421
9833,2.49373664895447
9834,3.54504374882324
9835,3.37628668793767
9836,2.47186019312257
9837,5.39848047642853
9838,2.61912303181613
9839,6.67615136445886
9840,6.03272361853483
9841,6.65186313711447
9842,5.1855102202642
9843,3.1803918672896
9844,5.96127479476647
9845,6.18471894020427
9846,6.8803799042769
9847,4.0527221866703
9848,0.6179158562919
9849,0.832469732838767
9850,6.27194312888417
9851,2.8963692008414
9852,3.11983948916967
9853,5.24438756286537
9854,2.6090916289631
9855,4.00920803569623
9856,2.95451350122967
9857,5.3540409966325
9858,6.12063560401437
9859,0.978138071004401
9860,1.76328836515183
9861,4.74592106756893
9862,5.07185402037783
9863,1.98692432471763
9864,5.3298261224986
9865,5.93557195588633
9866,5.65282931883754
9867,2.8526847914494
9868,2.60188195285763
9869,7.07775102711304
9870,1.42524707714747
9871,3.28621047613457
9872,2.63505353276327
9873,1.1005311564435
9874,6.43407830613041
9875,2.85807445516053
9876,0.8260306117668
9877,3.34149809573893
9878,4.9501552462616
9879,4.60213589962557
9880,3.4303371349583
9881,2.37997195596687
9882,1.13731796675337
9883,4.97197351448693
9884,1.60505845247207
9885,1.41467990609973
9886,7.10360206187967
9887,5.04101658296853
9888,3.23924538810103
9889,4.5575658581782
9890,5.53547586452453
9891,1.25316253840647
9892,4.077815110258
9893,1.13833504640563
9894,6.40538272196906
9895,6.3288648592353
9896,1.17357176144677
9897,4.96656857182214
9898,0.732842081746033
9899,2.49658075938936
9900,1.61882724880403
9901,6.70507407880274
9902,7.15718897546874
9903,3.73722040032873
9904,3.84085821202824
9905,2.82895445971287
9906,3.5904719627918
9907,3.443327930246
9908,0.546827590400534
9909,3.1509268079069
9910,1.33227238046753
9911,3.34895216676073
9912,6.31129885858283
9913,4.55471064909234
9914,3.01308342089807
9915,2.8845594417436
9916,5.93383477191127
9917,0.670380088762833
9918,6.75236557748577
9919,6.1211672005323
9920,4.8928142188905
9921,5.18320944313137
9922,6.79835670938193
9923,6.28587895814397
9924,3.60294119738307
9925,1.53274507540477
9926,2.89156749307544
9927,1.87433987712083
9928,3.4402465557736
9929,0.995091451445834
9930,3.92010963203297
9931,3.52884488207977
9932,3.0212487816853
9933,2.71303389381887
9934,0.877549551928133
9935,3.75338567907697
9936,0.963018158883567
9937,6.78022296183804
9938,7.100172816036
9939,2.36597991398603
9940,0.9505370237265
9941,6.24999713921814
9942,1.60461209532967
9943,3.6153308994479
9944,3.69085475361313
9945,4.42100552752213
9946,2.63635489309213
9947,1.5352659418806
9948,1.7847702974148
9949,5.11628935072694
9950,2.08681207739963
9951,4.83166876341483
9952,1.10673319563853
9953,5.65051876164297
9954,1.25091294642193
9955,1.33669512686113
9956,4.27902427764043
9957,3.8008805558509
9958,1.66189000317067
9959,0.6062256311467
9960,4.21002617999353
9961,2.90518373097863
9962,0.868453967499333
9963,5.3455132875015
9964,4.02589744721577
9965,4.05526623356037
9966,4.05764445684767
9967,6.02781773553696
9968,1.2264349158111
9969,4.66620335476154
9970,6.35900681375063
9971,5.06784056521427
9972,3.35606197144974
9973,5.86109291285247
9974,6.80418795952396
9975,5.30035018317936
9976,5.61409455934254
9977,6.88950116521671
9978,1.9913958500542
9979,6.07698029949617
9980,5.15964851577773
9981,4.85276930643026
9982,0.951054328282001
9983,6.16951676690364
9984,3.05492337911973
9985,5.39721288564227
9986,4.47156950727283
9987,6.30403772079816
9988,5.1685129146625
9989,2.87816588520216
9990,7.24380604527059
9991,6.4282555819998
9992,5.8019757559148
9993,4.13494751173977
9994,7.02361630728123
9995,3.14088252400783
9996,7.48134864321038
9997,0.751376754409733
9998,7.42709235116697
9999,6.80387849270283
10000,5.47043887199863
10001,5.9708512541599
10002,3.29126340125057
10003,1.5893059462082
10004,4.65204157857277
10005,1.6621349038815
10006,1.016853866254
10007,6.14067705881917
10008,1.609806061689
10009,2.1360570604019
10010,4.72418010423697
10011,3.06198375571153
10012,1.80595978092033
10013,6.22285921481223
10014,3.34251531711527
10015,6.94362580174577
10016,3.65716177524414
10017,2.65042246241563
10018,3.43812007905033
10019,5.18149944116533
10020,2.59624277076297
10021,4.42755422748194
10022,1.88247205831823
10023,5.44351133859037
10024,0.919971192954066
10025,4.82500961947676
10026,4.99702486155267
10027,5.3122962502669
10028,3.60927344695544
10029,5.03732502011556
10030,5.89921476950137
10031,1.61255204872443
10032,4.78797988549273
10033,6.24690653671964
10034,4.43737259008583
10035,0.852327657746633
10036,6.62014111768957
10037,0.842579672402467
10038,4.71649092777046
10039,2.98891141743837
10040,5.99511274323466
10041,1.0219595840548
10042,2.85541503441993
10043,0.771678437297734
10044,3.99195216566503
10045,1.99562492356947
10046,4.69375688950826
10047,5.15820508408467
10048,3.05923014547727
10049,6.41320962631876
10050,3.62368715148
10051,2.21510704947227
10052,1.4076137286762
10053,3.30635342922143
10054,3.27066469152373
10055,1.93099677064983
10056,3.9723632239556
10057,3.0063656438176
10058,3.57326385346143
10059,2.6020814855728
10060,6.71829499801337
10061,2.80316621636423
10062,5.05135079532823
10063,6.93809368064007
10064,4.1290610253444
10065,3.20378067427286
10066,3.16837983260416
10067,0.991336861553833
10068,6.51186152552267
10069,2.90134698632453
10070,2.60634595784717
10071,5.79995388477451
10072,6.47708573432593
10073,3.42179364516603
10074,4.26554273181943
10075,6.55979930601923
10076,3.6360634150396
10077,3.28118616618746
10078,4.35565830562066
10079,6.93017999809669
10080,2.2998459266493
10081,4.61436184725073
10082,3.00321561962703
10083,3.38394763099707
10084,6.32867221097113
10085,3.9533282928678
10086,4.53634758014697
10087,5.3550362471465
10088,6.1335069118327
10089,4.83923120177686
10090,4.73464947144316
10091,3.83913793684136
10092,3.4402542083466
10093,6.7382639034592
10094,3.78458602615497
10095,1.3271102133967
10096,0.769482751810266
10097,1.292872249258
10098,0.791460731939799
10099,6.65048078370943
10100,0.525196683618533
10101,6.92643555207637
10102,0.840267193417432
10103,4.45369909322536
10104,6.4499625590254
10105,5.43533854176086
10106,5.30103357815007
10107,0.937208414961701
10108,1.66975538286813
10109,5.4549584194866
10110,0.925254728487867
10111,0.839238208424966
10112,2.40464984785367
10113,5.12672373374507
10114,2.15459145502957
10115,5.46097330568443
10116,5.27607450390883
10117,2.51045771410903
10118,5.792023136286
10119,4.07135203146546
10120,7.07774982242534
10121,3.13606291207697
10122,5.50045237026873
10123,4.86505874760116
10124,0.9324172793754
10125,3.1388842977557
10126,4.33520856648513
10127,3.9916018285874
10128,2.99271919273174
10129,5.5873276490376
10130,2.72333555768613
10131,4.4343245879808
10132,1.18002286038397
10133,2.06124701947627
10134,7.02085975248531
10135,1.88793366270723
10136,6.76025814976193
10137,4.69943516079663
10138,2.10662097564113
10139,2.01597940402877
10140,2.77320488496713
10141,5.76699114362524
10142,7.08794478168327
10143,6.19291855041867
10144,2.93348626795687
10145,0.814662758531633
10146,3.22203923805877
10147,5.7585152807439
10148,5.40981715805793
10149,5.21864827045083
10150,3.5423940451652
10151,1.38178601851847
10152,2.86805838274647
10153,2.5534426592836
10154,5.39029068588779
10155,2.20916460933903
10156,2.89389897182303
10157,3.26551557337737
10158,2.26141527738667
10159,0.814879061982199
10160,2.8326888029548
10161,6.8391225441557
10162,5.7468993181249
10163,3.3028431812034
10164,4.28470463655466
10165,1.0898884865984
10166,3.60419596997837
10167,4.70966885769743
10168,6.5341420563996
10169,5.68896637312496
10170,7.02842554795553
10171,2.30038082057717
10172,1.8112826165871
10173,1.65466851182703
10174,6.04194036707107
10175,2.88389567961623
10176,6.53159934789024
10177,4.27526725882656
10178,5.6031309367278
10179,3.49923107682747
10180,6.702935224663
10181,1.99436051639537
10182,3.6433946600285
10183,4.75918551666207
10184,4.77312929827616
10185,1.57901069692927
10186,4.77147963932686
10187,0.985942640856766
10188,6.66094260488817
10189,4.64100541502693
10190,2.2196180703171
10191,5.30842730867633
10192,1.06889284957377
10193,5.19092723449033
10194,0.949362404400133
10195,3.5034358952886
10196,6.83187049403259
10197,4.46993353183904
10198,1.7300063981112
10199,0.564051277538267
10200,5.7997725032081
10201,5.47414060473633
10202,6.38486044942984
10203,3.40066918368763
10204,3.84407872298303
10205,4.08561838465317
10206,4.7026717020684
10207,4.51758702222437
10208,7.03213128942817
10209,1.53061234158263
10210,4.84322408626213
10211,1.53143196122127
10212,4.1377318930176
10213,7.1637633112174
10214,1.0217051416695
10215,5.11145061815066
10216,2.33734158684737
10217,1.85961022429107
10218,4.56052713487757
10219,0.947873530695467
10220,6.14171318406763
10221,3.24501390323707
10222,5.22768119269893
10223,6.62968797889654
10224,5.41233419588777
10225,3.12002140194736
10226,3.18861844460423
10227,0.769539821156201
10228,2.8583369857084
10229,5.5776664875368
10230,2.63976851710754
10231,5.62090532321506
10232,3.46885070933163
10233,6.09711824376833
10234,0.782439453145199
10235,1.02677760355533
10236,1.96931636607407
10237,4.93305637023347
10238,3.8472212846642
10239,0.6480779784925
10240,5.61357263539567
10241,6.03550962169903
10242,0.944962386877634
10243,0.881837630618033
10244,0.807804843105333
10245,1.28080361276837
10246,4.56166000842186
10247,3.52194899395623
10248,0.988233803083233
10249,3.14110601292486
10250,6.3429176917949
10251,6.15370750119883
10252,3.4227630757144
10253,3.42421324837127
10254,6.59014460657057
10255,2.97678042981304
10256,4.1826965904479
10257,2.03950934348003
10258,5.82738305055504
10259,4.14451719750437
10260,5.88069980635097
10261,3.28746069395177
10262,6.60808804820498
10263,2.69693500349043
10264,2.69482533676047
10265,6.9919833456562
10266,5.1453619838249
10267,4.36197550698766
10268,1.61967782059397
10269,0.996769899484034
10270,6.85249527281647
10271,4.56429495951207
10272,6.3290529974643
10273,6.01480575646019
10274,6.1752346982069
10275,3.86859542267394
10276,5.72495218825394
10277,6.39214780590244
10278,4.40231785777703
10279,2.96939759801267
10280,1.41980099041903
10281,3.3770784540979
10282,2.74101563828537
10283,5.8754466952316
10284,1.62709764382793
10285,4.2878099362955
10286,2.89399135894423
10287,0.9144164815611
10288,2.4868132886437
10289,6.56604996698427
10290,6.3100234127571
10291,6.93664517884294
10292,1.36874735633787
10293,6.2167567637997
10294,1.64890079612813
10295,1.4372046140993
10296,0.791850795834133
10297,5.86940564903146
10298,3.98384672307953
10299,5.77934303880547
10300,6.4294006942144
10301,6.67205887418404
10302,0.816360961255267
10303,3.92690490902363
10304,7.28233180478741
10305,2.8388977130783
10306,6.35652620370611
10307,4.02422949269063
10308,7.10493087602617
10309,5.94939126600013
10310,2.81086865604663
10311,5.4041938563227
10312,0.916780765357434
10313,2.6938469108354
10314,0.918047407713066
10315,3.2786197864109
10316,3.05269772700177
10317,4.90646313784883
10318,6.64727419386927
10319,3.2260494782172
10320,4.88636797786756
10321,6.84594613798016
10322,1.00166333419353
10323,0.918155495926565
10324,1.57011543584503
10325,0.932662710856033
10326,2.32086825197326
10327,7.01195967094254
10328,5.9449345890788
10329,3.3703116507278
10330,0.590930345382867
10331,3.32641825623667
10332,5.01705387602593
10333,0.913444679442467
10334,0.834391321054767
10335,4.97960678799746
10336,3.37722292509077
10337,4.1967864889293
10338,4.638071419081
10339,4.82689748059657
10340,0.573669262485367
10341,5.578073985781
10342,6.00188548148917
10343,1.9134491561729
10344,3.2660056064946
10345,2.8794825247923
10346,5.0387148094038
